{"train_loss": 0.4154739202976227, "train_accuracy": 82.04375, "_timestamp": 1704988365.507294, "val_loss": 0.43679543239430496, "val_accuracy": 81.185, "_runtime": 10.32385802268982, "_step": 4, "conf_matrix": {"_type": "image-file", "sha256": "e25e1411fa6b42954ba7c6994cc4e66490c368a4b888e108e7959eccbb6fe09e", "size": 40104, "path": "media/images/conf_matrix_4_e25e1411fa6b42954ba7.png", "format": "png", "width": 1000, "height": 800}, "_wandb": {"runtime": 12}}