{"train_loss": 0.41043593385219573, "train_accuracy": 81.83, "_timestamp": 1704977555.9160347, "val_loss": 0.4094190938404193, "val_accuracy": 81.97, "_runtime": 48.831485748291016, "_step": 4, "conf_matrix": {"_type": "image-file", "sha256": "755ed6c68fb05a67cf111d01fcd459e37858427a4f868bc6c199e7740ce3eca3", "size": 37187, "path": "media/images/conf_matrix_4_755ed6c68fb05a67cf11.png", "format": "png", "width": 1000, "height": 800}, "_wandb": {"runtime": 50}}