{"train_loss": 0.5589055332660675, "train_accuracy": 75.0, "epochs": 4, "_timestamp": 1705060190.3215542, "_runtime": 9.767950296401978, "_step": 9, "val_loss": 0.5618055967477183, "val_accuracy": 75.0, "_wandb": {"runtime": 9}}