{"Number of tweets embedded": 25001, "_timestamp": 1704979521.6817029, "_runtime": 70.88667893409729, "_step": 249, "_wandb": {"runtime": 70}}