{"Number of tweets embedded": 25003, "_timestamp": 1704654533.2813947, "_runtime": 3944.8404138088226, "_step": 4166, "_wandb": {"runtime": 3998}}