{"Number of tweets embedded": 55, "_timestamp": 1704627615.6436265, "_runtime": 21.022411346435547, "_step": 8, "_wandb": {"runtime": 19}}