{"Number of tweets embedded": 55, "_timestamp": 1704629135.1385422, "_runtime": 20.847328186035156, "_step": 8, "_wandb": {"runtime": 19}}