{"Number of tweets embedded": 55, "_timestamp": 1704628192.5539906, "_runtime": 27.53329062461853, "_step": 8, "_wandb": {"runtime": 25}}