{"train_loss": 0.40836920871734617, "train_accuracy": 81.96625, "_timestamp": 1704978978.3270147, "val_loss": 0.41544993131305463, "val_accuracy": 81.92, "_runtime": 47.80449867248535, "_step": 4, "conf_matrix": {"_type": "image-file", "sha256": "08822ba74d6b3f935279f8edcd9db36f8ac51ccef88be2d4aeb7a3640d4a63ab", "size": 37143, "path": "media/images/conf_matrix_4_08822ba74d6b3f935279.png", "format": "png", "width": 1000, "height": 800}, "_wandb": {"runtime": 50}}