{"train_loss": 0.48267270889282227, "train_accuracy": 13.23125, "epochs": 0, "_timestamp": 1705063539.4304812, "_runtime": 6.613498210906982, "_step": 0, "_wandb": {"runtime": 6}}