{"Number of tweets embedded": 61, "_timestamp": 1704563607.650946, "_runtime": 24.07569694519043, "_step": 5, "_wandb": {"runtime": 22}}