{"Number of tweets embedded": 25001, "_timestamp": 1704979698.2527127, "_runtime": 72.71994376182556, "_step": 249, "_wandb": {"runtime": 72}}