{"train_loss": 0.4096265020132065, "train_accuracy": 81.91, "_timestamp": 1704978832.6436312, "val_loss": 0.4208179520913206, "val_accuracy": 81.245, "_runtime": 47.6001763343811, "_step": 4, "conf_matrix": {"_type": "image-file", "sha256": "45d217266701797b3ebfb02667301bebb04e88af807a2ad5da3fafa90ed01c52", "size": 36678, "path": "media/images/conf_matrix_4_45d217266701797b3ebf.png", "format": "png", "width": 1000, "height": 800}, "_wandb": {"runtime": 50}}