{"train_loss": 0.47540577664375305, "train_accuracy": 13.5875, "epochs": 0, "_timestamp": 1705063523.7484603, "_runtime": 6.523586273193359, "_step": 0, "_wandb": {"runtime": 5}}