{"train_loss": 0.5110253356456756, "train_accuracy": 12.6025, "epochs": 0, "_timestamp": 1705063556.1716547, "_runtime": 6.886568784713745, "_step": 0, "_wandb": {"runtime": 6}}