{"Number of tweets embedded": 52117, "_timestamp": 1704637929.8889446, "_runtime": 7208.750936508179, "_step": 8685}