{"train_loss": 0.5107573237419128, "train_accuracy": 12.44625, "epochs": 0, "_timestamp": 1705063502.9467711, "_runtime": 17.12993812561035, "_step": 0, "_wandb": {"runtime": 22}}