{"Number of tweets embedded": 55, "_timestamp": 1704628721.4291723, "_runtime": 19.553975343704224, "_step": 8, "_wandb": {"runtime": 17}}