{"Number of tweets embedded": 10001, "_timestamp": 1704575206.122193, "_runtime": 1401.0378091335297, "_step": 999, "_wandb": {"runtime": 1397}}