{"Number of tweets embedded": 385, "_timestamp": 1704978760.8620417, "_runtime": 16.022637605667114, "_step": 63, "_wandb": {"runtime": 15}}