{"train_loss": 0.4401210416793823, "train_accuracy": 14.12625, "epochs": 0, "_timestamp": 1705063571.095827, "_runtime": 6.477874040603638, "_step": 0, "_wandb": {"runtime": 5}}