{"Number of tweets embedded": 74681, "_timestamp": 1704599194.603692, "_runtime": 10047.549579143524, "_step": 7467, "_wandb": {"runtime": 10046}}