{"train_loss": 0.6297989046802155, "train_accuracy": 7.33125, "epochs": 0, "_timestamp": 1705063586.659013, "_runtime": 6.556102991104126, "_step": 0, "_wandb": {"runtime": 5}}