{"train_loss": 0.41184058661460876, "train_accuracy": 81.985, "_timestamp": 1704978749.613629, "val_loss": 0.44950002865098154, "val_accuracy": 81.175, "_runtime": 47.48653602600098, "_step": 4, "conf_matrix": {"_type": "image-file", "sha256": "2dbc4cf9f2d49173c55ca7be447c7a58df0bea876375eb9c87a0d7887cb487a5", "size": 37493, "path": "media/images/conf_matrix_4_2dbc4cf9f2d49173c55c.png", "format": "png", "width": 1000, "height": 800}, "_wandb": {"runtime": 48}}