{"train_loss": 0.4158853017389774, "train_accuracy": 81.8975, "_timestamp": 1704976613.0478485, "val_loss": 0.41610370600185453, "val_accuracy": 81.78, "_runtime": 45.127530574798584, "_step": 4, "conf_mat_table": {"_type": "table-file", "sha256": "a1cab02901f5c269953d1cab0618dd8493c1772e03341c395ef02003f16e4b20", "size": 597, "artifact_path": "wandb-client-artifact://ssak52ok23h1ptc7ful2qcbadl2w4je9u90xji6ckvig3ks574ibf3wylrpnek0oa8a1ilys7x1ldj2q8j44q88qm4d6gwzwb7ka3fw24rpvv9sbc1va70lgia5llwrm:latest/conf_mat_table.table.json", "_latest_artifact_path": "wandb-client-artifact://ssak52ok23h1ptc7ful2qcbadl2w4je9u90xji6ckvig3ks574ibf3wylrpnek0oa8a1ilys7x1ldj2q8j44q88qm4d6gwzwb7ka3fw24rpvv9sbc1va70lgia5llwrm:latest/conf_mat_table.table.json", "path": "media/table/conf_mat_table_4_a1cab02901f5c269953d.table.json", "ncols": 3, "nrows": 16}, "_wandb": {"runtime": 46}}