{"Number of tweets embedded": 74701, "_timestamp": 1704979987.8308828, "_runtime": 201.8201448917389, "_step": 746, "_wandb": {"runtime": 206}}