{"Number of tweets embedded": 55, "_timestamp": 1704630203.5064545, "_runtime": 24.40737748146057, "_step": 8, "_wandb": {"runtime": 23}}