{"Number of tweets embedded": 1309, "_timestamp": 1704644512.008772, "_runtime": 229.9928297996521, "_step": 217, "_wandb": {"runtime": 229}}