{"train_loss": 0.30066547649502756, "train_accuracy": 18.435, "epochs": 36, "_timestamp": 1705065106.6980205, "_runtime": 80.82970857620239, "_step": 73, "val_loss": 0.3496717889659321, "val_accuracy": 17.04}