{"train_loss": 0.41463753014802934, "train_accuracy": 81.8975, "_timestamp": 1704988177.9097981, "val_loss": 0.4261745713389339, "val_accuracy": 81.745, "_runtime": 10.428895235061646, "_step": 4, "conf_matrix": {"_type": "image-file", "sha256": "7c6628f349dc2c9700304b9753dc979412882b4f1050951d4e296fa9bf3bd8df", "size": 36262, "path": "media/images/conf_matrix_4_7c6628f349dc2c970030.png", "format": "png", "width": 1000, "height": 800}, "_wandb": {"runtime": 12}}