{"Number of tweets embedded": 5001, "_timestamp": 1704583545.78026, "_runtime": 687.0535991191864, "_step": 499, "_wandb": {"runtime": 684}}