{"Number of tweets embedded": 9097, "_timestamp": 1704978720.013516, "_runtime": 254.24849796295166, "_step": 1515, "_wandb": {"runtime": 253}}